point,cri_lb,cri_ub,sd,n_eff,mc_lb,mc_ub
0.22800929599475842,0.17081964400939,0.29940076383126146,0.031518556194388744,119.51545211292061,0.2274924152576355,0.22852617673188133
0.3270136568431872,0.25844155029340243,0.3940797935725131,0.03468270279976615,178.51025109266675,0.3266328560322648,0.32739445765410957
0.4449770471620544,0.37495429694459115,0.5132881112564532,0.034797954162954996,228.9869561842081,0.4446792016514123,0.4452748926726965
0.45027965695534833,0.37043703009821605,0.523993198085138,0.04011292946651861,164.0433251090932,0.4498003939495754,0.4507589199611213
0.30624351481146883,0.24171603173255998,0.37389853763520203,0.03440159732658991,399.5962033179984,0.3060747797453924,0.3064122498775453
0.24347682823318284,0.18675035898640502,0.315696765762836,0.03383038432881608,201.0468603691932,0.24314702285971984,0.24380663360664584
