point,cri_lb,cri_ub,sd,n_eff,mc_lb,mc_ub
0.2606221445242132,0.19044678608997997,0.3458843814744655,0.0454983302867213,126.30189081060864,0.25991609738472576,0.2613281916637006
0.3735451201630685,0.2840355794062393,0.47141447342530024,0.0503367451769423,167.064031725903,0.37295457888002537,0.37413566144611166
0.5075990849529874,0.41774838267905007,0.6114958444096412,0.049885081974848075,350.9548585912027,0.5073204936708237,0.5078776762351512
0.10190568877288293,0.0566303062383653,0.2272976028083226,0.06311669467488555,38.901085543920935,0.09872566316032472,0.10508571438544115
0.07235922238037984,0.03722545825233768,0.1606005729905508,0.06684208960080247,30.751326056592266,0.0680989804634012,0.07661946429735848
0.059466764298493936,0.02870755590547363,0.1501381289733934,0.07509331216367063,60.22420950163474,0.057022893494068964,0.06191063510291891
